3.18.12.63,Stripe Webhooks
3.130.192.231,Stripe Webhooks
13.235.14.237,Stripe Webhooks
13.235.122.149,Stripe Webhooks
18.211.135.69,Stripe Webhooks
35.154.171.200,Stripe Webhooks
52.15.183.38,Stripe Webhooks
54.88.130.119,Stripe Webhooks
54.88.130.237,Stripe Webhooks
54.187.174.169,Stripe Webhooks
54.187.205.235,Stripe Webhooks
54.187.216.72,Stripe Webhooks
44.209.150.16,Make
44.210.162.163,Make
35.170.163.230,Make
54.209.79.175,Make
54.80.47.193,Make
54.161.178.114,Make
34.254.1.9,Make
52.31.156.93,Make
52.50.32.186,Make
54.75.157.176,Make
54.78.149.203,Make
52.18.144.195,Make
44.196.246.20,Make
3.94.51.90,Make
52.4.48.212,Make
3.125.27.86,Make
3.68.125.41,Make
18.193.24.45,Make
64.20.227.128,MX Toolbox
64.20.227.129,MX Toolbox
64.20.227.130,MX Toolbox
64.20.227.131,MX Toolbox
64.20.227.132,MX Toolbox
64.20.227.133,MX Toolbox
64.20.227.134,MX Toolbox
64.20.227.135,MX Toolbox
64.20.227.136,MX Toolbox
64.20.227.137,MX Toolbox
64.20.227.138,MX Toolbox
64.20.227.139,MX Toolbox
64.20.227.140,MX Toolbox
64.20.227.141,MX Toolbox
64.20.227.142,MX Toolbox
64.20.227.143,MX Toolbox
54.84.234.24,MX Toolbox
54.164.124.219,MX Toolbox
54.88.4.135,MX Toolbox
44.194.168.193,MX Toolbox
52.55.244.91,MX Toolbox
18.205.72.90,MX Toolbox
18.209.86.113,MX Toolbox